{
  "project_info": {
    "project_number": "565570217717",
    "firebase_url": "https://brolist-d1e84-default-rtdb.firebaseio.com",
    "project_id": "brolist-d1e84",
    "storage_bucket": "brolist-d1e84.appspot.com"
  },
  "client": [
    {
      "client_info": {
        "mobilesdk_app_id": "1:565570217717:android:7efe1a8c965405029ec7bc",
        "android_client_info": {
          "package_name": "com.example.brolistikhlas"
        }
      },
      "oauth_client": [],
      "api_key": [
        {
          "current_key": "AIzaSyBncgMZCkCnwam0Pj_HeMKNt9OrR7KgEdA"
        }
      ],
      "services": {
        "appinvite_service": {
          "other_platform_oauth_client": []
        }
      }
    }
  ],
  "configuration_version": "1"
}